# First field is # dimensions of each datapoint, 2nd is gesture class, Next fields are raw time series in order t_f1[0], t_f2[0], t_f3[0] etc. where f1, f2, etc are features and [0] is time
6,1,-0.00494825653731823,0.0017403364181518555,-0.0027478858828544617,1.4508401155471802,-0.2504502832889557,2.727691411972046,-0.005074348300695419,6.248354911804199E-4,0.003944888710975647,1.4496842622756958,-0.25359418988227844,2.7313547134399414,0.001859184354543686,-7.835626602172852E-4,0.00849442183971405,1.448142409324646,-0.25310587882995605,2.729991912841797,-6.516911089420319E-4,-0.0019289255142211914,-0.008585229516029358,1.4461547136306763,-0.25577881932258606,2.7309718132019043,
6,1,7.368931546807289E-4,0.003289520740509033,0.01253250241279602,1.3191331624984741,3.110661029815674,-0.6616309881210327,-0.0034118592739105225,0.004247188568115234,0.0032143592834472656,1.321457028388977,3.1090242862701416,-0.6602939963340759,0.0026972591876983643,0.0035126805305480957,-0.011868953704833984,1.3234975337982178,3.107224702835083,-0.6583920121192932,0.0058508217334747314,0.0029696226119995117,-0.0066574811935424805,1.3243972063064575,3.108395576477051,-0.6589273810386658,
6,1,-0.011907432228326797,0.0043694376945495605,2.3859739303588867E-4,1.0243479013442993,3.0240936279296875,-0.6379479169845581,0.006933987140655518,0.0050841569900512695,-0.001935124397277832,1.0238443613052368,3.023210287094116,-0.6369330883026123,4.7791749238967896E-4,0.007164299488067627,8.50379467010498E-4,1.0231504440307617,3.0229294300079346,-0.6369169354438782,-0.004587151110172272,0.00244748592376709,0.0041040778160095215,1.0224727392196655,3.0224735736846924,-0.637050449848175,-0.0077176764607429504,0.0077547430992126465,-0.008425414562225342,1.0223501920700073,3.0208420753479004,-0.6359620690345764,0.0061846449971199036,-0.0013575553894042969,0.001472771167755127,1.0216724872589111,3.0219807624816895,-0.6367176175117493,0.002452380955219269,0.010412037372589111,0.01492089033126831,1.0229114294052124,3.022338628768921,-0.6372203230857849,
6,1,-0.002066001296043396,0.006403446197509766,-0.007021725177764893,0.765138566493988,2.9771041870117188,-0.6256929039955139,-0.0013587698340415955,5.226731300354004E-4,0.0037030577659606934,0.7651723623275757,2.977835178375244,-0.626470148563385,-0.0028477907180786133,0.002827465534210205,-8.732080459594727E-5,0.765935480594635,2.978302240371704,-0.6271553635597229,-0.001974537968635559,0.006954073905944824,-0.00842142105102539,0.7663469314575195,2.978907346725464,-0.6279779076576233,
6,1,-0.002184823155403137,0.0023130178451538086,-0.009572446346282959,0.5412843227386475,2.920830488204956,-0.6455171704292297,0.0014461874961853027,0.004081428050994873,0.002362489700317383,0.5407129526138306,2.921727418899536,-0.6462766528129578,-0.0016520917415618896,0.011117279529571533,-0.016295194625854492,0.5404477119445801,2.9209961891174316,-0.646462082862854,-8.934587240219116E-4,0.005380988121032715,-0.006438255310058594,0.5389015674591064,2.9217453002929688,-0.646694540977478,0.00856827199459076,0.006261765956878662,0.0017963051795959473,0.5379722118377686,2.921816110610962,-0.646835207939148,
6,1,0.005055516958236694,0.004456639289855957,0.0020166635513305664,0.22619879245758057,2.9519765377044678,-0.6850436925888062,-0.00574830174446106,0.004056200385093689,-0.007246077060699463,0.22544340789318085,2.952073097229004,-0.686170220375061,-0.006167545914649963,0.0067093223333358765,-0.020618975162506104,0.22454924881458282,2.9528696537017822,-0.6866700649261475,
6,1,0.002296261489391327,-0.007140785455703735,0.004833698272705078,-0.25668489933013916,3.0801470279693604,-0.6692630648612976,-3.0107051134109497E-4,0.0028224587440490723,-0.011700809001922607,-0.25621235370635986,3.0765950679779053,-0.6706147789955139,-0.028002217411994934,2.8714537620544434E-4,-0.013838768005371094,-0.25616756081581116,3.0742969512939453,-0.6720066666603088,
6,1,-0.004854880273342133,0.0042427778244018555,-0.005877256393432617,-0.5594441294670105,3.0786802768707275,-0.6851052045822144,0.014867346733808517,0.01178044080734253,-0.019449174404144287,-0.557896614074707,3.0786242485046387,-0.6855494379997253,0.00924740731716156,0.007089376449584961,0.005642950534820557,-0.5551908612251282,3.0764036178588867,-0.6877400279045105,
6,1,-2.6541203260421753E-4,0.005523800849914551,-0.0018337368965148926,-0.7858090400695801,3.04109525680542,-0.671887218952179,0.002951398491859436,-5.052089691162109E-4,-0.01216435432434082,-0.7869131565093994,3.0417399406433105,-0.6722036600112915,0.0012123212218284607,-0.0039939284324646,0.00890880823135376,-0.7866894006729126,3.042088747024536,-0.6723448634147644,
6,1,0.003707483410835266,0.005251288414001465,-0.0387500524520874,-0.9876973032951355,2.9694249629974365,-0.6902140378952026,-0.0013570189476013184,-0.00781315565109253,0.015634119510650635,-0.9891454577445984,2.967804193496704,-0.6929032206535339,0.006236657500267029,0.005635440349578857,-0.021929442882537842,-0.9888848662376404,2.966482639312744,-0.6949710249900818,
6,2,-0.007147669792175293,-8.556842803955078E-4,-0.023711562156677246,1.4543172121047974,1.5428216457366943,-2.5230038166046143,0.00584787130355835,0.013861298561096191,-0.012262523174285889,1.45771324634552,1.5358529090881348,-2.494431257247925,-0.012650266289710999,0.005864977836608887,-0.026128292083740234,1.4619776010513306,1.5319163799285889,-2.4619264602661133,0.002361498773097992,0.013186037540435791,-0.0015014407690614462,1.4661012887954712,1.5387260913848877,-2.4418087005615234,
6,2,-0.006484083831310272,-0.01788252592086792,0.06742933392524719,1.2468407154083252,2.9694247245788574,2.573456048965454,-0.021619737148284912,0.0034540295600891113,-0.025942206382751465,1.2444669008255005,2.9794325828552246,2.568794012069702,
6,2,-0.020765157416462898,0.002629399299621582,-0.015906870365142822,0.9457452297210693,3.0999910831451416,2.4570794105529785,-0.007296169176697731,-0.007428169250488281,0.04378223419189453,0.944699764251709,3.099808931350708,2.4583847522735596,0.007709501311182976,0.01102989912033081,0.008536159992218018,0.9475868344306946,3.1025562286376953,2.4581375122070312,
6,2,0.0056271846406161785,0.00734865665435791,0.0018426775932312012,0.7245994806289673,3.132988452911377,2.490128517150879,
6,2,0.005523525178432465,0.008080005645751953,0.012445807456970215,0.4990595579147339,-3.0799126625061035,2.502779960632324,-0.005330391228199005,0.002494901418685913,-0.005840182304382324,0.5017373561859131,-3.0803160667419434,2.5030603408813477,
6,2,0.018582873046398163,0.03593653440475464,-0.023752272129058838,0.21433156728744507,-3.02756929397583,2.5199553966522217,-0.015099063515663147,0.012049272656440735,-0.038091063499450684,0.21510496735572815,-3.025857925415039,2.5173330307006836,
6,2,-0.004053555428981781,0.01860538125038147,-5.834698677062988E-4,-0.05938682332634926,-3.036508560180664,2.48252010345459,-0.008000031113624573,0.016134977340698242,-0.02124476432800293,-0.06277893483638763,-3.0368294715881348,2.4730708599090576,0.007217325270175934,0.008054830133914948,0.03144770860671997,-0.06573823094367981,-3.040571451187134,2.461923122406006,0.006083928048610687,0.029298454523086548,-0.008466005325317383,-0.06510789692401886,-3.0438222885131836,2.452216386795044,
6,2,-0.0065100714564323425,0.022154510021209717,0.012606501579284668,-0.42245936393737793,-3.0500147342681885,2.3146228790283203,-0.01067700982093811,0.011412441730499268,0.020379304885864258,-0.4239152669906616,-3.050863742828369,2.3163673877716064,
6,2,-0.001438148319721222,0.013727724552154541,0.032058537006378174,-0.7547122836112976,-3.0579452514648438,2.296204090118408,0.01395997405052185,0.02715599536895752,-0.0022592544555664062,-0.7527443170547485,-3.0557470321655273,2.302840232849121,0.02533203363418579,0.015463709831237793,0.013606548309326172,-0.7509170174598694,-3.056790828704834,2.3072524070739746,
6,2,-0.005485475063323975,-0.0023751258850097656,0.008628249168395996,-1.0435717105865479,-3.0336146354675293,2.357553005218506,-0.009514957666397095,0.011519670486450195,-0.012679815292358398,-1.0462586879730225,-3.033573627471924,2.3627822399139404,6.728805601596832E-4,0.0033945441246032715,0.0028123557567596436,-1.049910545349121,-3.0318455696105957,2.3692715167999268,
6,3,0.03470214456319809,-0.2488480806350708,0.007700972259044647,1.4880001544952393,-0.6327584981918335,2.884134292602539,0.0227644219994545,-0.17252486944198608,-0.032370563596487045,1.4649757146835327,-0.9868042469024658,-3.0340044498443604,0.033396899700164795,0.05350750684738159,-0.11631226539611816,1.4414650201797485,-1.1855356693267822,-2.819247245788574,-0.08394582569599152,0.12032920122146606,-0.10764288902282715,1.4339042901992798,-1.3286504745483398,-2.6613664627075195,-0.10414780676364899,0.2367548942565918,0.06864035129547119,1.4419758319854736,-1.4216033220291138,-2.5675108432769775,0.08589453995227814,0.36008578538894653,-0.06859707832336426,1.442165732383728,-1.3067026138305664,-2.6993815898895264,-0.02651563286781311,0.351637065410614,-0.2774689793586731,1.446436882019043,-1.3177945613861084,-2.6840317249298096,0.028632670640945435,0.3243582248687744,0.07655680179595947,1.458897352218628,-1.4654875993728638,-2.5283055305480957,
6,3,-0.03889024630188942,-0.1195070743560791,-0.05075250566005707,1.450068473815918,0.22211305797100067,2.0403354167938232,-0.07482463121414185,-0.16241073608398438,-0.0650305300951004,1.448592185974121,0.3483126759529114,1.911359190940857,-0.07229268550872803,-0.2230750322341919,0.09934014081954956,1.452445149421692,0.4501346945762634,1.8076121807098389,
6,3,0.012522757053375244,0.030257046222686768,0.013574063777923584,1.5017681121826172,-0.3759578764438629,2.541638135910034,0.07471781969070435,0.05137646198272705,0.05601281672716141,1.500037431716919,-0.45993733406066895,2.6197290420532227,0.07087120413780212,0.06913352012634277,-0.1114841103553772,1.4939792156219482,-0.618133008480072,2.775428295135498,0.03309944272041321,0.11195045709609985,0.010318994522094727,1.4878690242767334,-0.9080091118812561,3.0757546424865723,-0.0799855887889862,0.13832223415374756,0.06182926893234253,1.4767005443572998,-1.0415167808532715,-3.0570130348205566,-0.04847702383995056,0.12533867359161377,0.012119650840759277,1.4718105792999268,-1.0744447708129883,-3.0107147693634033,-0.019661419093608856,0.13610029220581055,0.0012573041021823883,1.4741971492767334,-1.0413501262664795,-3.0424246788024902,0.02591397613286972,0.12635177373886108,-0.03191191703081131,1.4756524562835693,-1.0218596458435059,-3.0609147548675537,0.0018561184406280518,0.12119412422180176,0.03641664981842041,1.478254795074463,-1.0038375854492188,-3.080000400543213,
6,3,-0.025621771812438965,-0.15636903047561646,-0.01109999418258667,1.4347221851348877,0.925973117351532,1.415578007698059,-0.08041916787624359,-0.08512705564498901,0.03709273785352707,1.430722713470459,0.9724563956260681,1.3670237064361572,-0.011613845825195312,-0.0663919448852539,0.03323936462402344,1.424291729927063,0.9968580603599548,1.3393020629882812,
6,3,-0.07127001881599426,0.15650618076324463,0.045226216316223145,1.5286448001861572,-0.5925067067146301,2.7950570583343506,-0.050360288470983505,0.14493966102600098,0.009678486734628677,1.5279160737991333,-0.6605514287948608,2.861537218093872,-0.04166093468666077,0.13402873277664185,-0.007135506719350815,1.5271908044815063,-0.7223244905471802,2.9212238788604736,-0.04168477654457092,0.09557300806045532,0.020862042903900146,1.5288931131362915,-0.7766228914260864,2.9750161170959473,
6,3,-0.02935805916786194,-0.10502684116363525,0.009160757064819336,1.4136987924575806,0.6381558179855347,1.6735800504684448,-0.027225971221923828,-0.06014758348464966,0.03440958261489868,1.4164741039276123,0.6518581509590149,1.6605660915374756,-0.02202419936656952,-0.028438448905944824,0.013216719031333923,1.4146093130111694,0.6523298025131226,1.6610589027404785,-8.335113525390625E-4,-0.022319376468658447,0.001780867576599121,1.4121767282485962,0.646831214427948,1.6664586067199707,
6,3,-0.011637434363365173,0.15994000434875488,-0.001433197408914566,1.4656169414520264,-1.3172175884246826,-2.782592296600342,0.007029391825199127,0.15659546852111816,0.06890392303466797,1.4512982368469238,-1.3952218294143677,-2.7007720470428467,-0.029725804924964905,0.1781725287437439,-0.002953769639134407,1.4417083263397217,-1.4131572246551514,-2.682173490524292,-0.014303132891654968,0.17790240049362183,0.006393076851963997,1.437083125114441,-1.438559889793396,-2.654959201812744,
6,3,-0.08703157305717468,-0.22799164056777954,0.2267870306968689,1.489459753036499,0.3692443072795868,1.9589710235595703,-0.2093459963798523,-0.04041588306427002,-0.00568949431180954,1.4736976623535156,0.43783038854599,1.8862450122833252,-0.020282510668039322,-0.11283493041992188,0.02484876662492752,1.4618213176727295,0.5286945700645447,1.7889862060546875,
6,3,0.08136731386184692,0.283519983291626,-0.08674800395965576,1.5286369323730469,-0.655397891998291,2.879561185836792,0.06627624481916428,0.34153038263320923,-0.08324331045150757,1.498868465423584,-1.0265759229660034,-3.030496835708618,4.265978932380676E-4,0.35775303840637207,-0.031012769788503647,1.4731321334838867,-1.1905854940414429,-2.8614537715911865,-0.07071182131767273,0.277904748916626,0.0196610689163208,1.451443076133728,-1.28091561794281,-2.7705605030059814,
6,3,0.05775804817676544,-0.32418519258499146,0.034882597625255585,1.3906280994415283,1.2549312114715576,0.8861467242240906,0.13196833431720734,-0.4243922233581543,-0.04164557904005051,1.3652938604354858,1.2282634973526,0.9181816577911377,0.08734266459941864,-0.4434773325920105,0.034296877682209015,1.3512758016586304,1.2112981081008911,0.93830406665802,0.033497393131256104,-0.3923192024230957,0.022613711655139923,1.3415175676345825,1.194533348083496,0.961493194103241,
6,3,0.045771896839141846,0.09870195388793945,-0.14568960666656494,1.4921705722808838,-2.060433864593506,-1.9268040657043457,0.025778859853744507,0.26193809509277344,-0.20264875888824463,1.4709160327911377,-2.1383183002471924,-1.8029541969299316,0.032102085649967194,0.3694058656692505,0.047612302005290985,1.455565333366394,-2.1632657051086426,-1.7309322357177734,0.17713642120361328,0.3952224850654602,-0.0596851147711277,1.4555540084838867,-2.0992493629455566,-1.7703293561935425,0.17155620455741882,0.3711283206939697,-0.09896731376647949,1.4517639875411987,-2.002013683319092,-1.8635742664337158,
6,3,0.20738857984542847,0.05575650930404663,0.12000644207000732,1.509784460067749,-2.233405828475952,-1.6362193822860718,0.1472475230693817,0.05439502000808716,-0.2159658670425415,1.5305153131484985,-2.175043821334839,-1.714477777481079,-0.027304500341415405,-0.12697726488113403,-0.10865092277526855,1.5397493839263916,-2.8985519409179688,-0.9805206656455994,0.0670616626739502,-0.23072844743728638,0.022161006927490234,1.5410367250442505,2.3259544372558594,0.06255137920379639,
6,3,0.04951910674571991,0.07395064830780029,-0.03576492890715599,1.461707592010498,-1.80198335647583,-2.099705457687378,0.2753346562385559,0.29532623291015625,-0.07142221927642822,1.443953037261963,-1.732494831085205,-2.157374382019043,0.13315808773040771,0.4655483365058899,-0.10187697410583496,1.4075956344604492,-1.6938141584396362,-2.1880624294281006,0.0491752028465271,0.48087143898010254,0.008182046934962273,1.3811001777648926,-1.687980055809021,-2.1752374172210693,
6,3,0.38688158988952637,0.07994222640991211,0.1396007537841797,1.53023362159729,-0.122091144323349,2.428734302520752,0.3295302391052246,-0.2207089066505432,-0.2607899308204651,1.5012593269348145,0.4922263026237488,1.8052722215652466,0.06437897682189941,-0.5205910205841064,0.14367461204528809,1.4860039949417114,0.8464599251747131,1.4337291717529297,
6,3,-0.0821232795715332,-0.34442251920700073,0.04114854335784912,1.3423222303390503,1.1078598499298096,1.1871391534805298,-0.03619152307510376,-0.4527243375778198,0.04587411880493164,1.3565222024917603,1.1397608518600464,1.1512786149978638,0.0858144760131836,-0.5489521622657776,0.06355656683444977,1.3846510648727417,1.1561552286148071,1.1287624835968018,0.047282278537750244,-0.5180814266204834,0.013681303709745407,1.4146815538406372,1.162832498550415,1.1184473037719727,0.21322476863861084,-0.46599823236465454,0.07345153391361237,1.4405999183654785,1.1231629848480225,1.1514018774032593,
6,3,-0.20401492714881897,0.7605729699134827,-0.06742358207702637,1.4946132898330688,-1.1679778099060059,-2.8024020195007324,0.061048299074172974,0.33391982316970825,0.1064717173576355,1.530487060546875,-0.40264594554901123,2.6963040828704834,0.09438470005989075,0.0376439094543457,-0.04174429178237915,1.4956467151641846,0.7571062445640564,1.5175514221191406,0.2346930056810379,-0.47739994525909424,0.11876369267702103,1.4274802207946777,1.0770232677459717,1.1883678436279297,0.42405492067337036,-0.5846174359321594,0.12597446143627167,1.3707867860794067,1.06260085105896,1.1975500583648682,
6,3,0.17606951296329498,-0.40789228677749634,0.021355457603931427,1.3693971633911133,1.1659592390060425,1.1228721141815186,0.24258796870708466,-0.4011949300765991,-0.09425180405378342,1.4327213764190674,1.135190725326538,1.1628239154815674,0.25621703267097473,-0.4536406993865967,-0.003792107105255127,1.506409764289856,1.0802714824676514,1.2319183349609375,0.10778356343507767,-0.27578163146972656,0.1811160445213318,1.5343025922775269,-0.906683623790741,-3.0518600940704346,-0.0453752800822258,-0.06187558174133301,-0.05853205546736717,1.4733233451843262,-1.213594675064087,-2.7422046661376953,0.1650024801492691,0.24191570281982422,-0.025654558092355728,1.4340485334396362,-1.2551158666610718,-2.693326473236084,
6,3,0.017106622457504272,0.8031545877456665,-0.09446805715560913,1.4213523864746094,-1.216964840888977,-2.788344144821167,0.18222174048423767,0.1851457953453064,-0.12033712863922119,1.504888653755188,-0.7962921261787415,3.062448263168335,0.4761430025100708,-0.5185267329216003,0.18019217252731323,1.5133332014083862,0.5732880234718323,1.690507173538208,0.1843971610069275,-0.7795704007148743,-0.003003232181072235,1.4571268558502197,0.9205236434936523,1.3389240503311157,
6,3,0.40934762358665466,-0.5881182551383972,0.10355633497238159,1.4862807989120483,0.9769276976585388,1.316529393196106,0.41342803835868835,-0.211298406124115,-0.2150440216064453,1.528847336769104,0.019496148452162743,2.295898675918579,0.3310900330543518,0.30142742395401,0.02732253074645996,1.483482837677002,-1.0962005853652954,-2.861567735671997,
6,3,-0.2580376863479614,1.0322024822235107,-0.09956991672515869,1.4261306524276733,-1.7022547721862793,-2.2119922637939453,0.11737370491027832,0.13708770275115967,0.06376707553863525,1.5202134847640991,-2.1554906368255615,-1.7740410566329956,0.4375191926956177,-0.41411226987838745,0.24494504928588867,1.5070127248764038,1.9725064039230347,0.38056060671806335,0.7249317169189453,-0.7050465941429138,0.166609525680542,1.4321444034576416,1.5030754804611206,0.8358634114265442,
6,3,0.29661595821380615,-0.5292614102363586,0.0467875599861145,1.4055556058883667,1.4054547548294067,0.8684499263763428,0.25017571449279785,-0.4834030270576477,-0.02586495876312256,1.474709391593933,1.6105825901031494,0.6785650849342346,0.3415384888648987,-0.3260756731033325,0.15180706977844238,1.536425232887268,2.717338800430298,-0.40811240673065186,0.1384711116552353,-0.07195276021957397,-0.0029162243008613586,1.5012321472167969,-2.1363697052001953,-1.8263200521469116,
6,3,-0.08484593033790588,0.9494479894638062,-0.02194034866988659,1.5220125913619995,-1.9529496431350708,-2.0383975505828857,0.3631223142147064,0.14249247312545776,0.06881928443908691,1.5111339092254639,1.5548948049545288,0.703831672668457,
6,3,0.3218654990196228,-0.546088695526123,-0.0877838134765625,1.327475905418396,1.3174185752868652,0.9529713988304138,0.3213465213775635,-0.5941826105117798,-0.13189703226089478,1.406983494758606,1.4617643356323242,0.824841320514679,0.29789939522743225,-0.4666435718536377,0.15765702724456787,1.4816991090774536,1.764024019241333,0.5420864224433899,0.24834850430488586,-0.12102353572845459,0.03511190414428711,1.5484250783920288,3.127110242843628,-0.8144548535346985,0.04642212390899658,0.29173922538757324,-0.23340630531311035,1.5016565322875977,-2.046762228012085,-1.9166098833084106,0.22131450474262238,0.5347983241081238,0.12061071395874023,1.4559869766235352,-1.9163012504577637,-2.043853521347046,
6,3,0.32256460189819336,-0.6084356307983398,-0.17044740915298462,1.427101731300354,1.2732325792312622,0.9753873944282532,0.28436073660850525,-0.5866073369979858,0.13314473628997803,1.5175472497940063,1.7405261993408203,0.5259777307510376,0.28753358125686646,-0.39150816202163696,0.2358306646347046,1.5461626052856445,-2.435924530029297,-1.5811959505081177,0.19752365350723267,0.05659162998199463,-0.08592826128005981,1.4976569414138794,-1.5408053398132324,-2.4956376552581787,
6,3,0.14372937381267548,-0.3619633913040161,0.21885740756988525,1.4117988348007202,1.4377895593643188,0.7917101383209229,0.37867271900177,-0.6005836725234985,0.23609167337417603,1.3423370122909546,1.3983733654022217,0.8389403820037842,0.4803461730480194,-0.8612214922904968,-0.09642356634140015,1.274853229522705,1.3233797550201416,0.9114682078361511,
6,3,0.3860800266265869,-0.6213247179985046,0.16251569986343384,1.440194010734558,1.362180471420288,0.8723054528236389,0.1761351227760315,-0.24151432514190674,-0.07782071828842163,1.4942549467086792,1.1886188983917236,1.0381337404251099,0.2871384918689728,0.35780829191207886,-0.19349884986877441,1.5260223150253296,0.6992888450622559,1.5157278776168823,
6,3,0.1584646999835968,0.5418792963027954,0.0012127142399549484,1.5418764352798462,-2.2433974742889404,-1.8477619886398315,0.18264520168304443,-0.5069030523300171,0.04401802644133568,1.5138047933578491,2.05364990234375,0.14760401844978333,0.31735163927078247,-0.917610228061676,0.38510453701019287,1.4512803554534912,1.6732006072998047,0.5312776565551758,
6,3,0.27825304865837097,2.2717738151550293,0.428955078125,1.2488559484481812,-1.2815279960632324,-2.677119493484497,-0.34140828251838684,2.9873275756835938,-0.5619419813156128,1.1938742399215698,-1.071067452430725,-2.8602659702301025,-0.7344051003456116,2.7660017013549805,-0.6902502775192261,1.3003389835357666,-0.9474120140075684,-3.0149621963500977,-0.08264347910881042,0.4195438027381897,0.26998186111450195,1.4873979091644287,-0.04963838681578636,2.30161714553833,0.8923724889755249,-2.114262104034424,0.5942602157592773,1.3931587934494019,1.5477005243301392,0.7125367522239685,
6,3,0.44418472051620483,0.760601282119751,0.1258034110069275,1.3315784931182861,-1.2578461170196533,-2.695167064666748,0.17152607440948486,2.4644510746002197,0.21567654609680176,1.1668033599853516,-1.2886481285095215,-2.6490726470947266,-0.5081514120101929,3.2259645462036133,-0.48992210626602173,1.096635341644287,-1.1929785013198853,-2.7191555500030518,-1.010471224784851,3.215014934539795,-0.6456888318061829,1.1990787982940674,-1.1558555364608765,-2.7640230655670166,-0.33240967988967896,1.5720524787902832,0.35968881845474243,1.4304938316345215,-0.8106791973114014,3.1199209690093994,0.8036049008369446,-1.930018424987793,-0.245478093624115,1.396875262260437,1.2251440286636353,1.0340418815612793,3.242650032043457,-3.818373203277588,0.13831108808517456,1.3088891506195068,1.472969651222229,0.7942574620246887,
6,3,-0.8608375787734985,2.7151896953582764,-0.3025689721107483,1.2321395874023438,-1.1453111171722412,-2.7441177368164062,-0.5527827143669128,0.9448777437210083,0.25347381830215454,1.4345331192016602,-0.6497318744659424,2.98150634765625,1.4300576448440552,-2.1827752590179443,-0.2066892385482788,1.3466548919677734,1.2129247188568115,1.0740128755569458,3.4902825355529785,-3.747925281524658,0.2208237648010254,1.2700250148773193,1.3585549592971802,0.9314090013504028,
6,3,-0.6602121591567993,2.4619550704956055,0.013755440711975098,1.2579855918884277,-1.1377853155136108,-2.7714486122131348,-0.34964823722839355,-0.10959124565124512,-0.03576003760099411,1.471291422843933,-0.15879234671592712,2.4390909671783447,2.0149478912353516,-2.643695831298828,0.14031589031219482,1.370727300643921,1.4619594812393188,0.8226959109306335,
6,3,-0.5485907793045044,2.1043896675109863,0.26733773946762085,1.411118984222412,-0.8761354088783264,-3.0748791694641113,
6,3,-0.8540139198303223,2.887830972671509,-0.28114283084869385,1.2831761837005615,-1.088415503501892,-2.775944709777832,-0.38564667105674744,0.9886854290962219,0.340826153755188,1.5001413822174072,0.31189700961112976,2.040526866912842,2.7142207622528076,-2.9494333267211914,0.6577997207641602,1.2874584197998047,1.6389354467391968,0.7095274925231934,
6,3,-0.759492039680481,3.232862949371338,-0.4281351566314697,1.2147578001022339,-1.1135597229003906,-2.7195827960968018,-0.4859031140804291,1.6150842905044556,0.37071675062179565,1.4522656202316284,-0.6160271763801575,2.9951412677764893,0.7446862459182739,-1.9064382314682007,0.04606354981660843,1.3878774642944336,1.3030482530593872,1.0272234678268433,3.523054361343384,-4.105305194854736,0.6835567355155945,1.275100827217102,1.5393956899642944,0.8135562539100647,
6,3,0.5777772665023804,-1.8148049116134644,0.2664918899536133,1.492640733718872,1.5905729532241821,0.7872562408447266,3.356877088546753,-4.10985803604126,1.2615001201629639,1.3757494688034058,1.8691245317459106,0.5391756892204285,
6,3,-0.42006099224090576,3.3263325691223145,-0.8048396110534668,1.0957908630371094,-1.0366164445877075,-2.7432644367218018,-0.5575401186943054,1.4222990274429321,0.2058877795934677,1.3681371212005615,-0.99113929271698,-2.852921485900879,0.6245805621147156,-2.3345720767974854,0.7158880829811096,1.4685121774673462,1.4028671979904175,1.0108484029769897,3.6445488929748535,-4.132194519042969,1.1064294576644897,1.3602309226989746,1.2989541292190552,1.1189990043640137,1.421175241470337,-2.3457818031311035,-0.5140573978424072,1.4091691970825195,0.3456161320209503,2.037320613861084,0.7657011151313782,-0.27275824546813965,-0.009070262312889099,1.3288720846176147,-0.7655991911888123,-3.0928237438201904,
6,3,2.6263277530670166,-3.1020686626434326,0.6585057973861694,1.3347584009170532,1.4253755807876587,0.9854090213775635,2.9883651733398438,-3.7244338989257812,-0.006050050258636475,1.3370976448059082,1.1716231107711792,1.213760256767273,1.0541938543319702,-1.5710002183914185,-0.14659105241298676,1.4585968255996704,0.26578423380851746,2.1119437217712402,
6,3,3.2112176418304443,-3.5384206771850586,1.100464940071106,1.3307616710662842,1.6314826011657715,0.7631837129592896,3.2200098037719727,-4.060812950134277,0.7674502730369568,1.3880361318588257,1.4050085544586182,0.9795255661010742,0.8411234617233276,-1.1782323122024536,0.07359326630830765,1.4833108186721802,-0.5906463861465454,2.9890191555023193,
6,3,-0.7305831909179688,2.4554858207702637,0.12818264961242676,1.2941842079162598,-1.014121174812317,-2.8231799602508545,1.1330668926239014,-1.8907088041305542,0.36453211307525635,1.4683685302734375,1.3019427061080933,1.0776218175888062,3.8324408531188965,-4.035283088684082,1.2635146379470825,1.2946851253509521,1.763596773147583,0.6382893919944763,2.524824380874634,-3.556333303451538,0.9033724069595337,1.3945826292037964,1.6936241388320923,0.6939764618873596,0.7823451161384583,-0.706656277179718,0.4345947504043579,1.5151526927947998,-1.2176287174224854,-2.6525380611419678,
6,3,1.8356685638427734,-2.471438407897949,0.7230638265609741,1.3851417303085327,1.6200246810913086,0.7393996119499207,3.9258623123168945,-4.202049255371094,1.2763123512268066,1.2786169052124023,1.6953750848770142,0.6710692048072815,2.202314853668213,-3.078686237335205,0.5740782022476196,1.4118825197219849,1.500368356704712,0.8578223586082458,0.7096405625343323,-0.2774410843849182,0.4524615406990051,1.4731193780899048,-0.9525176286697388,-2.930312156677246,
6,3,2.61309552192688,-3.1952590942382812,1.296172022819519,1.3625794649124146,1.8246389627456665,0.5721355676651001,3.7723617553710938,-4.091587543487549,1.4296938180923462,1.3339694738388062,1.7407457828521729,0.6565393209457397,1.5320630073547363,-2.1310062408447266,0.21997183561325073,1.5205731391906738,0.6977328658103943,1.6924411058425903,
6,3,-0.06686398386955261,-0.16716986894607544,0.5427063703536987,1.4898391962051392,0.7355040907859802,1.6339797973632812,3.789400339126587,-4.11256217956543,1.290069580078125,1.3001598119735718,1.6079715490341187,0.7650527358055115,2.6914639472961426,-3.855469226837158,0.6827350854873657,1.3527311086654663,1.4860063791275024,0.8794602751731873,
6,3,0.7629945278167725,2.6698739528656006,0.16307808458805084,1.107171893119812,-1.18071448802948,-2.6610605716705322,0.1344892680644989,4.0497307777404785,-0.6305322647094727,0.9861280918121338,-1.1335489749908447,-2.6722261905670166,-0.7848654985427856,4.024387359619141,-1.04468834400177,1.0636494159698486,-1.1458585262298584,-2.6779944896698,-0.4799420237541199,2.49969482421875,0.374567449092865,1.3575830459594727,-1.210990309715271,-2.694488763809204,1.0754313468933105,-1.2965259552001953,0.8005688190460205,1.4311332702636719,1.8029383420944214,0.5267664790153503,
6,4,0.06684049963951111,-0.19491469860076904,-0.012560367584228516,1.5309836864471436,-1.6579954624176025,0.7759997844696045,0.09753453731536865,-0.3584197759628296,0.02981889247894287,1.528213620185852,-1.6925406455993652,0.816673219203949,-0.08028516173362732,-0.5325074195861816,0.1757432222366333,1.5293034315109253,-1.5316071510314941,0.6717594265937805,
6,4,-0.10113952308893204,0.3490524888038635,-0.17381781339645386,1.4767677783966064,1.197900652885437,-2.077907085418701,-0.05858874320983887,0.28381532430648804,-0.1976190209388733,1.5045207738876343,1.287827491760254,-2.160724401473999,-0.15818500518798828,-0.017577528953552246,0.12186968326568604,1.5415841341018677,1.6461697816848755,-2.49605393409729,
6,4,0.10140937566757202,-0.6483418941497803,0.1243605688214302,1.504786491394043,2.7146613597869873,2.7219722270965576,-0.09803053736686707,-0.9051977396011353,-0.026498205959796906,1.4893879890441895,2.6173644065856934,2.8052456378936768,
6,4,-0.15232031047344208,-0.2888851761817932,0.10646749287843704,1.4451812505722046,-2.0641634464263916,1.2882587909698486,-0.33165645599365234,-0.5005122423171997,0.18432331085205078,1.4080888032913208,-1.9467869997024536,1.1861729621887207,-0.1812370866537094,-0.592020571231842,0.22446489334106445,1.3902984857559204,-1.8298231363296509,1.0782045125961304,
6,4,-0.23123034834861755,-0.5522118210792542,0.06246589124202728,1.4363101720809937,-2.2488934993743896,1.424990177154541,-0.17532089352607727,-0.3735474944114685,0.07758737355470657,1.4582256078720093,-2.4635024070739746,1.6278071403503418,-0.3559587299823761,-0.3170737624168396,-0.036649227142333984,1.4767279624938965,-2.882204532623291,2.027435779571533,
6,4,-0.07603514194488525,-0.11369341611862183,0.05003619194030762,1.5020034313201904,-2.224571704864502,1.3773146867752075,-0.238869309425354,-0.48375773429870605,0.2155839204788208,1.442270040512085,-1.9225943088531494,1.075192928314209,-0.3067108988761902,-0.7012598514556885,0.05045175179839134,1.3865044116973877,-1.7432303428649902,0.9006427526473999,
6,4,-0.042980462312698364,-0.7298464179039001,0.12680137157440186,1.4019275903701782,-1.8577030897140503,0.9807440638542175,-0.33262038230895996,-0.8815690279006958,0.04352688416838646,1.4358845949172974,-1.9441893100738525,1.0589252710342407,-0.4076927900314331,-0.6112685203552246,-0.08075273036956787,1.4928288459777832,-2.21662974357605,1.3318977355957031,
6,4,-0.047498613595962524,0.29975461959838867,-0.018635153770446777,1.4670636653900146,2.63546085357666,2.827613115310669,-0.3283711075782776,-0.12334388494491577,0.2354116439819336,1.4732633829116821,-2.7269704341888428,1.926566481590271,-0.4259682595729828,-0.4864194989204407,0.23287558555603027,1.428972601890564,-2.109866142272949,1.3209930658340454,
6,4,-0.174778550863266,-0.8128370046615601,0.3807913064956665,1.3394420146942139,-2.0103418827056885,1.1941101551055908,-0.38664376735687256,-0.8695149421691895,0.1852586418390274,1.3798167705535889,-2.158639430999756,1.327617883682251,-0.5662520527839661,-0.6524332761764526,0.17375610768795013,1.446835994720459,-2.5152149200439453,1.6636391878128052,
6,4,-0.08691515028476715,0.6694880127906799,-0.3099050521850586,1.3649601936340332,1.822342038154602,-2.6095967292785645,0.025028690695762634,0.3331557512283325,0.014258749783039093,1.4293715953826904,2.119041919708252,-2.8758723735809326,-0.21740251779556274,0.12609368562698364,0.2921147346496582,1.4918134212493896,2.8062589168548584,2.754692554473877,
6,4,0.026443690061569214,-0.17510008811950684,-0.015124080702662468,1.2365291118621826,-1.6217080354690552,0.9314702153205872,-0.07016220688819885,-0.3350145220756531,-0.0021498221904039383,1.2490733861923218,-1.6607176065444946,0.9660356044769287,-0.09506693482398987,-0.6320177316665649,0.07623457908630371,1.276853084564209,-1.769057035446167,1.0621198415756226,-0.35399311780929565,-1.0519421100616455,0.16262008249759674,1.3156843185424805,-1.9556280374526978,1.226344347000122,-0.5476677417755127,-1.107727289199829,0.21988964080810547,1.3658140897750854,-2.2222306728363037,1.4720059633255005,
6,4,0.03303325176239014,0.6237102150917053,-0.15233314037322998,1.375287652015686,2.3220958709716797,3.132753372192383,-0.4392995238304138,0.0022742152214050293,0.3047572374343872,1.422432780265808,2.9900007247924805,2.495016574859619,-0.3905651867389679,-0.477422833442688,0.23459219932556152,1.4096214771270752,-2.513963460922241,1.7334489822387695,
6,4,-0.050494223833084106,-0.36491286754608154,0.015968672931194305,1.2670564651489258,-1.7951854467391968,1.0486105680465698,-0.11446064710617065,-0.5710451006889343,0.062273621559143066,1.2914739847183228,-1.8520337343215942,1.1003170013427734,-0.360200434923172,-0.8223880529403687,0.07874977588653564,1.3320428133010864,-2.020627975463867,1.2528777122497559,-0.4543212950229645,-0.8409526944160461,0.23327255249023438,1.379323124885559,-2.252347469329834,1.470468521118164,-0.5424468517303467,-0.5824263095855713,0.08618450164794922,1.424728274345398,-2.7935562133789062,1.9727280139923096,-0.5119200944900513,0.004208624362945557,-0.02404440939426422,1.419952154159546,2.7252068519592285,2.7033042907714844,
6,4,-0.036580607295036316,0.92203688621521,-0.39211952686309814,1.3096870183944702,1.92562735080719,-2.7563672065734863,0.10602535307407379,0.6998617053031921,-0.23370705544948578,1.376759648323059,2.1055638790130615,-2.898792266845703,-0.11574442684650421,0.10195505619049072,-0.028813622891902924,1.4323265552520752,2.445341110229492,3.068631410598755,
6,4,-0.09011411666870117,-0.4356187582015991,0.021822571754455566,1.343224287033081,-1.8191062211990356,1.0816017389297485,-0.12465779483318329,-0.8085981607437134,0.07716763019561768,1.3534194231033325,-1.8833246231079102,1.1560577154159546,-0.45480042695999146,-1.1694490909576416,0.17288850247859955,1.379616141319275,-2.092365264892578,1.3628569841384888,-0.7102706432342529,-0.9438358545303345,0.277789831161499,1.4294874668121338,-2.5352723598480225,1.7920082807540894,
6,4,0.08246299624443054,0.8639278411865234,-0.38011181354522705,1.2900046110153198,2.085545778274536,-2.888446092605591,0.06416842341423035,0.7549062967300415,-0.27001750469207764,1.3560404777526855,2.2061846256256104,-2.973832607269287,-0.15736648440361023,0.256392240524292,-0.005263790488243103,1.436389446258545,2.5343379974365234,3.0120058059692383,
6,4,0.0314238965511322,0.8308547139167786,-0.14182448387145996,1.218541145324707,1.9258556365966797,-2.7480151653289795,-0.0316067636013031,0.8991909027099609,-0.42313921451568604,1.2833094596862793,1.9745135307312012,-2.784234046936035,-0.1702493578195572,0.5107063055038452,-0.26718688011169434,1.3554044961929321,2.1157023906707764,-2.9002034664154053,-0.26842910051345825,0.0805044174194336,0.07539665699005127,1.434468388557434,2.4582314491271973,3.070995569229126,
6,4,-0.17778123915195465,-0.6903544664382935,0.05737673491239548,1.3162288665771484,-1.8822060823440552,1.2059935331344604,-0.39513885974884033,-0.89937824010849,0.235589861869812,1.3445850610733032,-2.114382028579712,1.420599102973938,-0.6481297612190247,-1.043696403503418,0.21958206593990326,1.3850176334381104,-2.5432896614074707,1.8104660511016846,
6,4,0.08753851056098938,0.8763724565505981,-0.33501362800598145,1.3439465761184692,1.9438081979751587,-2.732680320739746,0.28411176800727844,0.8228634595870972,-0.1562793254852295,1.422034502029419,2.1488006114959717,-2.9017796516418457,-0.04186180233955383,0.30872517824172974,-0.08957792073488235,1.4959681034088135,-3.0517566204071045,2.3354032039642334,-0.8184114694595337,-0.5958061814308167,0.27914297580718994,1.4390705823898315,-2.0793263912200928,1.3739163875579834,
6,4,-0.43310898542404175,-0.9570318460464478,0.20776760578155518,1.2969485521316528,-1.8613080978393555,1.212658166885376,
6,4,-0.13778889179229736,0.40243250131607056,-0.054842352867126465,1.3736717700958252,2.3830275535583496,3.0904228687286377,-0.528920590877533,-0.27151012420654297,0.1407804638147354,1.4521570205688477,2.9872689247131348,2.523998737335205,-0.43478238582611084,-0.7564816474914551,0.24707196652889252,1.4674309492111206,-2.422309160232544,1.672610878944397,
6,4,-0.22486165165901184,-0.6842982769012451,0.0713428258895874,1.367988109588623,-1.8435121774673462,1.0945148468017578,-0.4167419970035553,-0.8699355721473694,0.23307287693023682,1.394910216331482,-2.037067174911499,1.2721301317214966,
6,4,-0.11344552040100098,0.9266161918640137,-0.3480687141418457,1.3201236724853516,1.8791695833206177,-2.8169174194335938,0.030711323022842407,0.6062237024307251,-0.29679346084594727,1.3742691278457642,1.9833290576934814,-2.9090089797973633,
6,4,-0.4360399544239044,-0.9265691041946411,0.11415016651153564,1.3925251960754395,-1.9750478267669678,1.1794196367263794,-0.5494143962860107,-0.9054180979728699,0.1251310110092163,1.4278444051742554,-2.2899415493011475,1.4853571653366089,-0.4905867576599121,-0.5900782942771912,0.1710425615310669,1.4490151405334473,-3.0274317264556885,2.1979994773864746,
6,4,-0.24284034967422485,0.8561482429504395,-0.3845493793487549,1.2797874212265015,2.0951976776123047,-2.975092887878418,0.010671809315681458,0.5945538878440857,-0.3845551013946533,1.326033115386963,2.254305362701416,-3.121037483215332,
6,4,-0.21727822721004486,-0.8071951866149902,0.11871325224637985,1.4337639808654785,-2.156665086746216,1.4055787324905396,-0.4384622573852539,-0.9337732195854187,0.2749977111816406,1.4457433223724365,-2.5539188385009766,1.7966346740722656,-0.3672836720943451,-0.7081654071807861,0.07677292823791504,1.4367018938064575,-3.0889875888824463,2.3026845455169678,
6,4,-0.2006121426820755,0.7726017832756042,-0.33368945121765137,1.317218542098999,2.1352875232696533,-3.020197868347168,
6,5,-1.0097026824951172E-4,0.002811729907989502,0.00452655553817749,1.5227173566818237,1.1913498640060425,1.1827861070632935,0.014899462461471558,-0.0018339157104492188,-0.0015834569931030273,1.521632194519043,1.096053123474121,1.2780836820602417,-0.010587453842163086,-3.324747085571289E-4,-0.014592528343200684,1.5208312273025513,1.043646216392517,1.3293746709823608,0.008078213781118393,-0.00467991828918457,0.014527620747685432,1.519054651260376,0.9523419737815857,1.4197516441345215,-0.009571913629770279,0.003243088722229004,-0.023019906133413315,1.5170977115631104,0.8568124771118164,1.513676643371582,-0.011468261480331421,0.00528717041015625,-0.006988644599914551,1.5159621238708496,0.8254887461662292,1.5454771518707275,0.0075386762619018555,0.005447506904602051,-0.005020856857299805,1.5131148099899292,0.7784718871116638,1.5923906564712524,
6,5,-0.028490453958511353,0.0052416324615478516,-0.02060866355895996,1.517377495765686,0.36686623096466064,2.00665020942688,-0.0037247836589813232,0.009512007236480713,0.0022449493408203125,1.5199735164642334,0.4018297493457794,1.9726520776748657,-0.019563140347599983,0.00513845682144165,-0.01285063847899437,1.5225518941879272,0.4396398961544037,1.9373515844345093,0.018963662907481194,0.0015728473663330078,-0.001725669950246811,1.5252625942230225,0.4829111397266388,1.8956968784332275,0.004914076998829842,0.0024884939193725586,-0.006808582693338394,1.5273274183273315,0.4930337071418762,1.8852120637893677,
6,5,-0.009533495642244816,0.0018648505210876465,0.0018789786845445633,1.5391637086868286,0.36909765005111694,2.003352642059326,-0.009822607040405273,0.006054878234863281,-0.008198142051696777,1.5399450063705444,0.3714323937892914,2.0013890266418457,-0.006684393621981144,0.005938470363616943,0.01110154576599598,1.5406272411346436,0.37883898615837097,1.9944180250167847,2.786228433251381E-4,0.0033212900161743164,0.0046414099633693695,1.540372371673584,0.37793129682540894,1.9951717853546143,
6,5,-0.004097789525985718,-0.0030437707901000977,-0.0067865848541259766,1.5413156747817993,0.3445763885974884,2.034234046936035,0.0027318596839904785,0.0017861127853393555,-0.0013082027435302734,1.5410734415054321,0.3505927324295044,2.0276224613189697,0.0046220142394304276,0.004195094108581543,-0.0026156380772590637,1.5410162210464478,0.3249419033527374,2.052922010421753,-0.0013447999954223633,-9.588003158569336E-4,0.004561305046081543,1.5411311388015747,0.3122287690639496,2.065999984741211,
6,5,0.0011711707338690758,0.004942119121551514,-0.00944131426513195,1.5420299768447876,0.2862580716609955,2.099231243133545,-0.004051984287798405,0.005014002323150635,0.003551129251718521,1.5424057245254517,0.29878565669059753,2.0871167182922363,-0.0017683515325188637,0.006476283073425293,-0.006969686597585678,1.5428555011749268,0.31370678544044495,2.071631669998169,
6,5,0.0056266188621521,0.002337336540222168,-0.003264784812927246,1.5615220069885254,0.7112165689468384,1.685333490371704,0.005279273260384798,0.002191901206970215,-3.111371770501137E-4,1.5623414516448975,0.727283775806427,1.6698552370071411,-0.003244816791266203,0.004855215549468994,0.0030897255055606365,1.563379168510437,0.8103373646736145,1.5870625972747803,-0.002683639992028475,0.00598376989364624,-0.002619206439703703,1.563273549079895,0.7703582048416138,1.6261823177337646,
6,5,0.0043129026889801025,-0.0014314651489257812,0.001973271369934082,1.5615302324295044,1.0796782970428467,1.3158241510391235,-0.013606518507003784,1.1795759201049805E-4,0.007500767707824707,1.5624730587005615,1.065023422241211,1.3319470882415771,0.006974994670599699,0.001593172550201416,0.006867111194878817,1.561901330947876,0.9264353513717651,1.4704551696777344,0.01398512814193964,0.005880951881408691,-0.015546918846666813,1.561922550201416,0.8088966012001038,1.5880413055419922,
6,5,0.004658190533518791,-7.069110870361328E-5,0.006827593315392733,1.556575059890747,-1.8933500051498413,-1.9353842735290527,-0.008839190006256104,-0.0036853551864624023,-0.005069851875305176,1.5566860437393188,-1.9510701894760132,-1.8755236864089966,0.011781452223658562,-0.00510329008102417,0.016628026962280273,1.5567764043807983,-2.063833713531494,-1.759287714958191,0.006513921543955803,-0.0040381550788879395,0.004303456284105778,1.5555270910263062,-2.088108539581299,-1.7318724393844604,0.0017865300178527832,-0.002290487289428711,0.006197094917297363,1.5541216135025024,-2.1043224334716797,-1.7130579948425293,
6,5,-0.004771677777171135,0.00289762020111084,-0.012633681297302246,1.5493234395980835,-1.855359435081482,-1.9563196897506714,0.0029794275760650635,-0.0010979771614074707,-0.009478092193603516,1.5494319200515747,-1.8883031606674194,-1.9232732057571411,-0.0075668711215257645,7.927417755126953E-4,-4.844656214118004E-4,1.549372673034668,-1.918705940246582,-1.8938515186309814,-0.0018171966075897217,7.913708686828613E-4,-0.001394510269165039,1.5500260591506958,-1.909567952156067,-1.9044711589813232,
6,5,-0.010065646842122078,-7.674098014831543E-4,-0.0011864881962537766,1.5453076362609863,-2.053769826889038,-1.771544098854065,-9.423773735761642E-4,0.005573570728302002,-0.003049851395189762,1.5450413227081299,-2.069300889968872,-1.757094383239746,-3.7124939262866974E-4,0.010492146015167236,0.006706000305712223,1.5446624755859375,-2.03218674659729,-1.7956438064575195,
6,5,0.004424897953867912,-0.002334773540496826,-0.007101533934473991,1.546088695526123,-2.194125175476074,-1.6435946226119995,0.005362747237086296,0.001354813575744629,0.010315300896763802,1.5459656715393066,-2.16936993598938,-1.6708346605300903,0.0043577272444963455,-0.0025896430015563965,-0.0016140956431627274,1.5462616682052612,-2.138120412826538,-1.7051621675491333,0.014785407111048698,5.518198013305664E-4,0.006131770089268684,1.5461963415145874,-2.1008782386779785,-1.7462451457977295,
6,5,0.003448575735092163,0.0037734508514404297,0.003197312355041504,1.5427881479263306,-1.6534185409545898,-2.2282752990722656,-0.003344327211380005,0.0017032623291015625,-0.00359499454498291,1.5429660081863403,-1.6139134168624878,-2.2689878940582275,0.0010561645030975342,0.0023935437202453613,-0.0025211572647094727,1.5436550378799438,-1.5928525924682617,-2.2913448810577393,
6,5,-0.0035186707973480225,-0.0013633370399475098,-0.0020182132720947266,1.5424399375915527,-1.5402613878250122,-2.3463222980499268,0.015142858028411865,-0.0040323734283447266,-0.001600801944732666,1.5430282354354858,-1.5553572177886963,-2.331951856613159,0.0015315115451812744,-0.0019093155860900879,0.004927515983581543,1.5425575971603394,-1.5611079931259155,-2.3265624046325684,
6,5,-0.004372237250208855,0.0037887096405029297,-5.172495730221272E-4,1.5411969423294067,-1.7438209056854248,-2.1430888175964355,0.005732597783207893,0.006241798400878906,0.004916905891150236,1.5415934324264526,-1.7588775157928467,-2.128101348876953,1.6424059867858887E-4,0.001610100269317627,-0.0023840665817260742,1.5413137674331665,-1.775242805480957,-2.1112608909606934,-0.0031805336475372314,-0.0014120936393737793,0.0028368234634399414,1.5412824153900146,-1.7998194694519043,-2.0864851474761963,-0.0030898135155439377,0.0046155452728271484,0.0023261304013431072,1.5412932634353638,-1.7954093217849731,-2.0915005207061768,
6,5,-0.002684498205780983,0.0019639134407043457,8.635502308607101E-4,1.5389151573181152,-1.9081642627716064,-1.9776560068130493,-0.0052928626537323,3.8695335388183594E-4,6.52313232421875E-4,1.5387537479400635,-1.9168907403945923,-1.9697747230529785,0.0043978095054626465,0.0023528337478637695,-4.1937828063964844E-4,1.5386762619018555,-1.93692147731781,-1.9502902030944824,-0.0056031979620456696,0.0031351447105407715,0.007997394539415836,1.538334846496582,-1.9145286083221436,-1.9735007286071777,
6,5,-0.0015410445630550385,0.004931807518005371,0.018278002738952637,1.5355112552642822,-1.9413135051727295,-1.9465314149856567,0.0030667781829833984,0.002821207046508789,0.019273877143859863,1.5358079671859741,-1.932782530784607,-1.9552569389343262,0.0021118856966495514,9.285807609558105E-4,0.007429956458508968,1.536230444908142,-1.928552508354187,-1.959238886833191,0.005274597555398941,0.0029678940773010254,0.0024058809503912926,1.536515712738037,-1.917091965675354,-1.970463752746582,-0.0036102570593357086,0.0029909610748291016,-0.015272973105311394,1.5363059043884277,-1.929267406463623,-1.9573198556900024,4.1052699089050293E-4,-0.001346588134765625,-0.003136277198791504,1.5361847877502441,-1.9628393650054932,-1.9231981039047241,0.0053437016904354095,-0.0014368295669555664,-0.0013134460896253586,1.53578782081604,-2.0049948692321777,-1.8812280893325806,
6,5,-0.007668733596801758,0.001350700855255127,-0.0074803829193115234,1.5327283143997192,-1.9353219270706177,-1.9427709579467773,0.008271660655736923,-9.731650352478027E-4,0.002595784142613411,1.5330148935317993,-1.9397685527801514,-1.9388359785079956,-8.281692862510681E-5,9.775757789611816E-4,0.00755834486335516,1.5325462818145752,-1.922633171081543,-1.9559757709503174,
6,5,0.008818443864583969,0.002860128879547119,0.0122305229306221,1.4817659854888916,0.7192792296409607,1.6364272832870483,-0.002605915069580078,0.0033812522888183594,0.010538876056671143,1.4816207885742188,0.70670086145401,1.6475045680999756,-0.0022822432219982147,0.006061851978302002,-0.007205769419670105,1.481735348701477,0.7091178894042969,1.6445726156234741,-0.0028257668018341064,0.007459580898284912,0.0014279484748840332,1.4830509424209595,0.7147423028945923,1.6391345262527466,-0.003333304077386856,0.006175518035888672,0.0064091756939888,1.483372449874878,0.7173075079917908,1.6365163326263428,0.003026038408279419,0.005212366580963135,-0.0016096830368041992,1.482309103012085,0.7151579260826111,1.6378291845321655,0.0019751712679862976,0.005132317543029785,-0.007166318595409393,1.4817495346069336,0.7137777209281921,1.638295292854309,0.005735572427511215,0.0018676519393920898,3.974512219429016E-4,1.4821021556854248,0.7166518568992615,1.635282039642334,-0.0077388957142829895,0.003482520580291748,0.0031258538365364075,1.481900691986084,0.7122076153755188,1.639613151550293,
6,5,-0.009502716362476349,0.013708770275115967,0.015991929918527603,1.4887256622314453,1.1351776123046875,1.108635425567627,4.63731586933136E-4,0.013707518577575684,0.019131775945425034,1.489460825920105,1.15764582157135,1.0887517929077148,4.972219467163086E-4,0.009410858154296875,0.03304612636566162,1.4893494844436646,1.1676595211029053,1.0813876390457153,-0.003570474684238434,-0.003544032573699951,0.013447407633066177,1.4882279634475708,1.1668750047683716,1.0853623151779175,0.005677551031112671,-0.003504514694213867,0.01149296760559082,1.4879688024520874,1.1750423908233643,1.0813899040222168,0.012388676404953003,-0.0059844255447387695,0.0258864164352417,1.488426923751831,1.1744729280471802,1.0875394344329834,0.014759384095668793,3.0303001403808594E-4,0.020197156816720963,1.4876980781555176,1.1418049335479736,1.124502420425415,-0.0026463642716407776,0.012487351894378662,0.014065388590097427,1.4881614446640015,1.112593412399292,1.1576951742172241,
6,5,0.0026409924030303955,0.002407968044281006,-3.8367509841918945E-4,1.4118419885635376,0.625764787197113,1.8393210172653198,-0.004629574716091156,0.006933331489562988,-0.00714285671710968,1.4117052555084229,0.6138492822647095,1.8521605730056763,-0.005767196416854858,0.01215285062789917,-0.007932662963867188,1.4121934175491333,0.6082780957221985,1.859449863433838,-0.003524579107761383,0.011018693447113037,5.437880754470825E-4,1.4122575521469116,0.6042127013206482,1.864136815071106,-0.0030911266803741455,0.0094565749168396,-0.00796276330947876,1.4121252298355103,0.6012459397315979,1.8674837350845337,
6,5,-0.0016384124755859375,-9.65118408203125E-4,0.02316415309906006,1.4524705410003662,1.789415955543518,0.6201539039611816,8.223652839660645E-4,-0.0034719109535217285,0.027956366539001465,1.4586702585220337,1.6942335367202759,0.7179710865020752,-0.004613280296325684,0.002303600311279297,0.008788585662841797,1.4644805192947388,1.5651931762695312,0.8504223227500916,0.011363238096237183,0.0057604312896728516,-0.0063256025314331055,1.468219518661499,1.4543839693069458,0.9642688035964966,0.003137528896331787,0.0032958984375,-0.004333913326263428,1.473022699356079,1.3168891668319702,1.1068235635757446,-0.015862196683883667,0.003445446491241455,-0.008360028266906738,1.4747265577316284,1.186789870262146,1.2406572103500366,0.006047308444976807,0.006093442440032959,0.0010135769844055176,1.474652886390686,1.084102988243103,1.3461170196533203,-0.001416333019733429,0.002164602279663086,-0.005118187516927719,1.4744173288345337,0.9519122838973999,1.483500361442566,
6,5,0.018400348722934723,-0.00917518138885498,-0.005870118737220764,1.4381979703903198,0.7279812693595886,1.5326725244522095,0.006735622882843018,-0.004755139350891113,0.02208578586578369,1.4408396482467651,0.7009702920913696,1.5808552503585815,-0.006750911474227905,-0.00167083740234375,-0.0036545395851135254,1.4403852224349976,0.6748170256614685,1.6200364828109741,-0.009171552956104279,0.004321932792663574,0.0020733624696731567,1.4367666244506836,0.6582236289978027,1.644146203994751,-0.020945459604263306,0.008440136909484863,0.0022345781326293945,1.4311621189117432,0.6458119750022888,1.6653997898101807,
6,5,-0.0015816986560821533,0.008255958557128906,0.005914926528930664,1.4041463136672974,0.8277559876441956,1.6683995723724365,-0.02000059187412262,0.01783663034439087,-0.02152097225189209,1.4067305326461792,0.8334522247314453,1.6644164323806763,-0.009659692645072937,0.003036201000213623,-0.005980551242828369,1.4112812280654907,0.8714326024055481,1.6271861791610718,0.011745959520339966,0.0054329633712768555,0.038645222783088684,1.4117685556411743,0.891173779964447,1.6059253215789795,0.007792413234710693,0.007515907287597656,0.01040850579738617,1.4081026315689087,0.8747892379760742,1.6183737516403198,0.01109100878238678,0.013304173946380615,-0.023299813270568848,1.4057952165603638,0.8697842955589294,1.6188448667526245,
6,5,0.0011282190680503845,-0.004035890102386475,-0.009000450372695923,1.3212192058563232,0.34918320178985596,2.085798978805542,0.01173621416091919,-0.014475107192993164,0.002135336399078369,1.3228219747543335,0.35949838161468506,2.0748987197875977,0.0012003406882286072,-0.011479616165161133,-0.016592949628829956,1.3250892162322998,0.369783878326416,2.0643789768218994,6.743744015693665E-4,-0.005924582481384277,-0.02806904911994934,1.331575870513916,0.3881250023841858,2.047403335571289,0.0110568106174469,0.0023587942123413086,-0.010019361972808838,1.33975350856781,0.4032779037952423,2.0334341526031494,
6,5,0.005126684904098511,0.0016725659370422363,-0.008428573608398438,1.4211552143096924,0.8974771499633789,1.5304968357086182,0.006403408944606781,-0.0014032721519470215,-0.00621979683637619,1.4213005304336548,0.8959512710571289,1.5299996137619019,0.007012277841567993,0.001036524772644043,0.004027009010314941,1.4218034744262695,0.8957054018974304,1.528532862663269,0.010158441960811615,0.0022521615028381348,0.017626352608203888,1.4220775365829468,0.8881140947341919,1.534226894378662,-0.012299716472625732,0.006421685218811035,0.00601428747177124,1.421589970588684,0.8725286722183228,1.5482664108276367,
6,5,-0.005447715520858765,-8.214116096496582E-4,0.001753389835357666,1.5468220710754395,-0.9326790571212769,-3.1157066822052,-0.010208901017904282,0.0028121471405029297,-0.0037649841979146004,1.5462682247161865,-0.9123359322547913,-3.1365790367126465,-0.0035448074340820312,0.005847573280334473,-0.006850242614746094,1.5462298393249512,-0.9147245287895203,-3.134483575820923,-2.318602055311203E-4,0.004730939865112305,-4.816632717847824E-4,1.5467420816421509,-0.9432427287101746,-3.1061861515045166,-0.001492442563176155,0.0018390417098999023,0.0032526832073926926,1.5470523834228516,-0.954788327217102,-3.0949153900146484,
6,5,2.8333067893981934E-4,0.0028118491172790527,-8.118152618408203E-5,1.5575822591781616,-2.0138280391693115,-2.053396701812744,0.0019374508410692215,0.0043236613273620605,0.0036828513257205486,1.557661771774292,-2.022646427154541,-2.0445556640625,2.7263257652521133E-4,0.00267869234085083,-0.0015851263888180256,1.5578981637954712,-1.9936445951461792,-2.0736804008483887,0.0020527243614196777,0.0018564462661743164,-2.2292137145996094E-4,1.5580346584320068,-2.0086112022399902,-2.058903455734253,
6,5,-0.0035581067204475403,-0.00483173131942749,0.009272962808609009,1.3245059251785278,-0.3166786730289459,2.5544281005859375,-0.004724025726318359,4.7600269317626953E-4,0.012465834617614746,1.325122594833374,-0.31838294863700867,2.5574820041656494,-0.006484813988208771,0.0037078857421875,0.003728240728378296,1.324985384941101,-0.31896865367889404,2.558565855026245,0.00753224641084671,0.0020239949226379395,-8.331388235092163E-4,1.325024962425232,-0.3182699680328369,2.558738946914673,0.00784599781036377,0.004333138465881348,-0.0028465986251831055,1.3249833583831787,-0.3201669156551361,2.5617551803588867,
6,5,0.001554936170578003,0.0044193267822265625,0.0023905038833618164,1.4008272886276245,1.9271533489227295,0.33596423268318176,-0.014640390872955322,0.0011973977088928223,0.003847479820251465,1.400903582572937,1.9261168241500854,0.3371013402938843,0.013764426112174988,-0.0013998150825500488,-0.0028452910482883453,1.4006136655807495,1.9206558465957642,0.3423358201980591,0.01218472421169281,-0.0016956329345703125,-0.011619333177804947,1.401572585105896,1.9212586879730225,0.3418152630329132,0.009731277823448181,1.0961294174194336E-4,7.473193109035492E-4,1.4018728733062744,1.922050952911377,0.3403226137161255,
6,5,0.007962584495544434,7.411837577819824E-4,0.00515371561050415,1.3588536977767944,-0.3632058799266815,2.7567570209503174,0.004762500524520874,9.481906890869141E-4,-0.0057125091552734375,1.3581706285476685,-0.3634170591831207,2.7568204402923584,0.0011774003505706787,3.502368927001953E-4,-0.004837393760681152,1.357867956161499,-0.3645881712436676,2.758009672164917,0.0013553276658058167,0.0018176436424255371,0.0019821077585220337,1.357735514640808,-0.3657967150211334,2.7590603828430176,5.456283688545227E-4,0.0018284916877746582,-0.0028856247663497925,1.3575704097747803,-0.3665805757045746,2.759575128555298,
6,5,-0.003967344760894775,0.004377961158752441,-9.301900863647461E-4,1.3545689582824707,-0.36683550477027893,2.762230157852173,0.003041177988052368,0.0011948347091674805,3.056526184082031E-4,1.3545966148376465,-0.36431825160980225,2.7593002319335938,0.0020101070404052734,-0.0032576918601989746,0.002282381057739258,1.3546109199523926,-0.36384227871894836,2.7588207721710205,0.004143156111240387,-0.004480481147766113,0.005202844738960266,1.3546009063720703,-0.3632770776748657,2.7583560943603516,0.011377401649951935,1.4472007751464844E-4,0.009621232748031616,1.3544665575027466,-0.3639660179615021,2.7591373920440674,
6,5,-0.008942574262619019,0.007101655006408691,-0.008749723434448242,1.3513562679290771,-0.3592036962509155,2.761472463607788,-0.006863921880722046,0.00793367624282837,9.748339653015137E-4,1.3525179624557495,-0.35862770676612854,2.7613205909729004,-0.0039000585675239563,0.0055609941482543945,4.912316799163818E-4,1.352906584739685,-0.3556863069534302,2.757991313934326,
6,6,-9.927526116371155E-5,0.011293649673461914,-0.03840130567550659,1.5386536121368408,-1.3548563718795776,0.5762712359428406,-0.006628096103668213,0.0024446845054626465,0.005452752113342285,1.538212537765503,-1.3992966413497925,0.6203835010528564,-0.01946384087204933,-0.003283381462097168,-0.014372706413269043,1.53803288936615,-1.3989849090576172,0.6190793514251709,
6,6,-0.014482290484011173,-0.011464595794677734,0.03417956829071045,1.558031678199768,-2.410391330718994,1.5855090618133545,-0.015388069674372673,-0.008162081241607666,-0.00574195571243763,1.5598572492599487,-2.3984458446502686,1.5710915327072144,
6,6,0.0035644732415676117,-6.74128532409668E-5,-0.004570008255541325,1.5151546001434326,1.746617078781128,-2.6250131130218506,
6,6,0.0076315999031066895,-0.0017029047012329102,-0.001477360725402832,1.505047082901001,1.7072707414627075,-2.598369598388672,-0.009386219084262848,-0.003616929054260254,-0.008060217835009098,1.5065890550613403,1.7068241834640503,-2.59706974029541,
6,6,0.008422285318374634,0.0011237263679504395,-0.015482664108276367,1.5019270181655884,1.7431992292404175,-2.621500253677368,
6,6,0.006863810122013092,0.0031328201293945312,0.023787863552570343,1.4969353675842285,2.2684826850891113,-3.067636251449585,
6,6,-0.0010280311107635498,-0.0028900504112243652,0.004343628883361816,1.5117003917694092,2.2660019397735596,-3.057302236557007,-0.002602752298116684,0.0031080245971679688,-0.002051468938589096,1.5122445821762085,2.2497689723968506,-3.0416247844696045,
6,6,-0.0019957423210144043,-2.5832653045654297E-4,-0.0023082494735717773,1.5186959505081177,2.2899465560913086,-3.079946279525757,-0.0056558288633823395,0.005297064781188965,0.0020282231271266937,1.5193064212799072,2.2845211029052734,-3.0748109817504883,
6,6,-0.004603058099746704,-0.0016223788261413574,-4.4035911560058594E-4,1.5222148895263672,2.186797857284546,-2.9797191619873047,-0.011056214570999146,-0.0028970837593078613,-0.02946794033050537,1.5220451354980469,2.190629720687866,-2.9842021465301514,
6,6,-0.002205789089202881,0.001254737377166748,-9.167194366455078E-5,1.5100781917572021,2.2866973876953125,-3.083446979522705,-0.009191904217004776,0.0011501312255859375,0.001316305249929428,1.5098628997802734,2.297217607498169,-3.0933878421783447,-0.00884929671883583,-0.0023546218872070312,-0.009555820375680923,1.5084518194198608,2.303227663040161,-3.1006994247436523,
6,6,-0.010225772857666016,-0.004728376865386963,-0.012394547462463379,1.5027029514312744,2.488055467605591,3.004516839981079,-0.01870625838637352,-0.003277301788330078,0.020922429859638214,1.5011733770370483,2.4960625171661377,2.9955461025238037,
6,6,4.0438398718833923E-4,0.006506800651550293,0.009491201490163803,1.509377121925354,2.4612386226654053,3.0438151359558105,0.01714390143752098,0.008006691932678223,-0.0019129551947116852,1.5125136375427246,2.459535837173462,3.048252582550049,0.007166862487792969,0.002622663974761963,0.008183479309082031,1.5152370929718018,2.467245578765869,3.0420026779174805,-4.950538277626038E-4,0.0024625062942504883,0.015100706368684769,1.5187832117080688,2.4588847160339355,3.0521016120910645,-0.0048668719828128815,-1.710057258605957E-4,-0.008163932710886002,1.5225642919540405,2.4418065547943115,3.07169508934021,
6,6,-0.0012606345117092133,0.0018911361694335938,0.003837946802377701,1.5149812698364258,2.4471933841705322,3.0750129222869873,-0.007163967937231064,9.632110595703125E-5,-0.005068536847829819,1.5176069736480713,2.4461517333984375,3.076462507247925,
6,6,0.005804874002933502,0.010299921035766602,0.005468379706144333,1.5133863687515259,2.395137310028076,3.113152027130127,0.0027642883360385895,0.007245182991027832,0.008518222719430923,1.5141352415084839,2.385711669921875,3.121778726577759,0.005875382572412491,0.002076268196105957,-0.013120528310537338,1.5150178670883179,2.379016637802124,3.12730073928833,
6,6,9.801611304283142E-5,0.00904911756515503,-0.014949683099985123,1.514192819595337,2.353175401687622,-3.130852699279785,0.005847509950399399,0.006803274154663086,-0.004734758287668228,1.5146827697753906,2.340325355529785,-3.117190361022949,0.010356154292821884,0.0045127272605896,-0.01613927260041237,1.513843297958374,2.341864585876465,-3.121249198913574,
6,6,0.009125981479883194,0.0063787102699279785,-0.007362600415945053,1.512075662612915,2.2819631099700928,-3.062018632888794,-0.00737568736076355,-1.9109249114990234E-4,-0.025569796562194824,1.5140410661697388,2.2877371311187744,-3.0668463706970215,
6,6,-0.0040728189051151276,-4.57763671875E-5,-0.008188251405954361,1.5149955749511719,2.295741081237793,-3.07934308052063,-0.01149800419807434,-6.350278854370117E-4,0.0011614561080932617,1.5145560503005981,2.299414873123169,-3.083843946456909,
6,6,-9.408304467797279E-4,0.002115905284881592,7.319636642932892E-5,1.5530327558517456,0.6787813305854797,-1.3709847927093506,0.002046615816652775,-1.8841028213500977E-4,-0.01761031337082386,1.554842233657837,0.7367029786109924,-1.4300837516784668,-0.015165836550295353,-0.0039324164390563965,-0.015984714031219482,1.5575859546661377,0.9169009923934937,-1.6112241744995117,
6,6,0.0034710783511400223,7.037520408630371E-4,0.02266502194106579,1.547435998916626,-2.4066336154937744,1.7417408227920532,-0.0063381195068359375,-0.0017163753509521484,0.015047669410705566,1.5457918643951416,-2.660907506942749,1.9670408964157104,9.858021512627602E-4,0.0033413171768188477,0.0037302952259778976,1.5466970205307007,-2.7602667808532715,2.0474703311920166,-0.0064752111211419106,0.005119264125823975,-0.012855647131800652,1.548359751701355,-2.787708044052124,2.055290937423706,-0.014529258012771606,0.004116058349609375,-0.023361923173069954,1.5485239028930664,-2.8811252117156982,2.1305270195007324,0.012712299823760986,0.009854495525360107,-0.006062150001525879,1.5479015111923218,-2.9408936500549316,2.1744985580444336,
6,6,-0.012905299663543701,-0.0022388696670532227,0.016023755073547363,1.3687050342559814,-3.0916080474853516,2.140808582305908,-0.0011201808229088783,0.006493031978607178,-0.0022675693035125732,1.3700978755950928,-3.093231439590454,2.1418793201446533,-0.011411341838538647,6.318092346191406E-4,0.019538208842277527,1.3710864782333374,-3.090641975402832,2.1389577388763428,-0.011709003709256649,-0.0027584433555603027,0.027834877371788025,1.3766865730285645,-3.0844762325286865,2.134709596633911,-0.005795329809188843,-0.0025169849395751953,0.030070185661315918,1.3859905004501343,-3.0730159282684326,2.127094268798828,-0.02015751600265503,-0.009221911430358887,0.03204059600830078,1.4007375240325928,-3.0564725399017334,2.1178407669067383,-0.02562481351196766,-0.005162656307220459,0.05137564241886139,1.420242428779602,-3.0453407764434814,2.114037036895752,-0.016665160655975342,-0.004910945892333984,0.023735538125038147,1.4392939805984497,-3.052706003189087,2.125141143798828,
6,6,-0.005309434607625008,-0.0013957023620605469,-0.01314377412199974,1.5060139894485474,0.34428268671035767,-1.2386924028396606,-0.019900768995285034,-0.007778048515319824,-0.0026189684867858887,1.5059497356414795,0.3287714421749115,-1.2216527462005615,9.726248681545258E-4,0.00246429443359375,-0.03587256744503975,1.50576913356781,0.3238833248615265,-1.214153528213501,-0.023594770580530167,-0.007878482341766357,0.003305327147245407,1.5067569017410278,0.3232811987400055,-1.2077851295471191,-0.011217834427952766,-0.007961452007293701,0.013486627489328384,1.505009651184082,0.3212110996246338,-1.2004857063293457,-0.0022898316383361816,-0.009751081466674805,-0.010707318782806396,1.50199556350708,0.31528717279434204,-1.1884504556655884,0.004962744191288948,-0.0027216076850891113,-1.1468678712844849E-4,1.5017057657241821,0.3006267845630646,-1.1678656339645386,
6,6,-0.0038365423679351807,0.008587777614593506,-0.018410205841064453,1.5375605821609497,-3.0119402408599854,2.297592878341675,-0.008130669593811035,0.009744048118591309,-0.030197743326425552,1.5319596529006958,-2.992025375366211,2.283989906311035,0.014826357364654541,0.004997193813323975,0.029780149459838867,1.5244065523147583,-2.9583957195281982,2.2557406425476074,
6,6,-0.05486366152763367,-0.03028547763824463,0.01616489887237549,1.5295323133468628,1.2605540752410889,-2.2502684593200684,-0.043149858713150024,-0.034026265144348145,0.0061356425285339355,1.5026880502700806,1.081041693687439,-2.058805227279663,0.02921965718269348,-0.030988693237304688,-0.04416459798812866,1.4728862047195435,1.033001184463501,-1.9928816556930542,0.013641074299812317,-0.04589688777923584,-0.033417217433452606,1.4563257694244385,1.0502465963363647,-2.0045924186706543,-0.01340678334236145,-0.04895538091659546,0.009417057037353516,1.4462860822677612,1.066988229751587,-2.017488718032837,0.05323109030723572,-0.021622061729431152,-0.033759355545043945,1.439039945602417,1.0665894746780396,-2.0070736408233643,
6,6,-0.011777792125940323,0.014562666416168213,-0.02299649268388748,1.472304344177246,-0.34213998913764954,-0.4467465877532959,0.003552023321390152,0.022051215171813965,-0.01565980166196823,1.4750993251800537,-0.36800625920295715,-0.4147537648677826,-0.007032271474599838,0.012173116207122803,0.0181659534573555,1.4764879941940308,-0.40772950649261475,-0.36802080273628235,
6,6,-0.007572650909423828,0.007263123989105225,-0.0053528547286987305,1.403222918510437,-2.8555970191955566,1.9132652282714844,0.004898253828287125,0.011905193328857422,0.0224752277135849,1.402421236038208,-2.856764793395996,1.9150707721710205,-0.0030834078788757324,0.003149867057800293,0.03608548641204834,1.4085614681243896,-2.8257668018341064,1.8903701305389404,-0.018133040517568588,-0.002923130989074707,0.008636698126792908,1.416698694229126,-2.786357879638672,1.8583556413650513,
6,6,-0.002871692180633545,-0.0013287067413330078,-0.004586398601531982,1.4084186553955078,-1.5666030645370483,0.815594494342804,-0.0056613534688949585,-0.005885660648345947,-8.044242858886719E-4,1.408168911933899,-1.5687905550003052,0.8175767064094543,-0.0036395639181137085,-7.224678993225098E-4,0.0030822157859802246,1.4083940982818604,-1.5689091682434082,0.8167657852172852,-0.002287149429321289,-0.0028507113456726074,-3.725290298461914E-5,1.408065676689148,-1.5600064992904663,0.80907142162323,-0.010431244969367981,0.0029075145721435547,-0.0038192865904420614,1.40809965133667,-1.556599497795105,0.8056930899620056,
6,6,-0.0023099780082702637,0.004992485046386719,-0.008202552795410156,1.355229377746582,-1.4159914255142212,0.6792245507240295,-0.00809149444103241,0.004260361194610596,0.007861733436584473,1.3553736209869385,-1.4193707704544067,0.6820958256721497,0.0013664215803146362,6.887316703796387E-4,-8.185543119907379E-4,1.3558692932128906,-1.4175677299499512,0.6800574064254761,0.005293980240821838,0.0027825236320495605,-0.0016526579856872559,1.3555271625518799,-1.4188686609268188,0.6820547580718994,
6,6,-0.0011149793863296509,0.009479939937591553,-0.006980715319514275,1.3552354574203491,-1.4278837442398071,0.6863587498664856,-0.0013278871774673462,0.005728662014007568,-0.007201908156275749,1.3550326824188232,-1.4289889335632324,0.6874881982803345,0.003120735287666321,0.003509998321533203,-0.004442811012268066,1.3547195196151733,-1.4308586120605469,0.6891561150550842,0.0026948899030685425,0.0030633211135864258,-0.0031061172485351562,1.3543444871902466,-1.4330644607543945,0.6908979415893555,
6,6,0.01342916488647461,0.0021971464157104492,-0.019073009490966797,1.3506968021392822,-1.4421921968460083,0.6968626976013184,0.01584717631340027,0.0020180344581604004,-0.028218207880854607,1.3494603633880615,-1.4609168767929077,0.7160952091217041,0.00924547016620636,0.001532912254333496,-0.04187583923339844,1.3478124141693115,-1.4887573719024658,0.7445183396339417,0.010513335466384888,0.007966399192810059,-0.02857428789138794,1.3457953929901123,-1.5327367782592773,0.7901021242141724,0.026348307728767395,0.0260847806930542,-0.07636213302612305,1.3410167694091797,-1.593741774559021,0.853937566280365,
6,6,9.901970624923706E-4,-0.002841651439666748,0.004918333142995834,1.3159162998199463,-1.8048806190490723,1.079016089439392,0.002042800188064575,0.002489626407623291,-0.002517104148864746,1.316243052482605,-1.7974172830581665,1.0728228092193604,-0.004343464970588684,0.002576470375061035,-0.0049648284912109375,1.3165881633758545,-1.7955704927444458,1.070430874824524,
